,image,class
0,pnlioc.jpg,1
1,hivmnw.jpg,1
2,fsftlx.jpg,1
3,uygvah.jpg,0
4,kmcfhr.jpg,1
5,ojlfmt.jpg,0
6,nqbvqq.jpg,1
7,feozyh.jpg,0
8,hdmhto.jpg,1
9,fshthr.jpg,1
10,ditrzx.jpg,0
11,obkvxk.jpg,1
12,cvtudi.jpg,0
13,qyvaaj.jpg,1
14,qhcnyx.jpg,0
15,nvyqqi.jpg,0
16,tnflbd.jpg,1
17,jsyvge.jpg,1
18,tbkueh.jpg,1
19,mrymgw.jpg,0
20,hatxqj.jpg,1
21,frdzkz.jpg,0
22,wlvbiv.jpg,0
23,oaqzlu.jpg,1
24,gkizyz.jpg,1
25,wkhrao.jpg,1
26,texomw.jpg,1
27,nthssb.jpg,0
28,pfsstf.jpg,1
29,dvkbbm.jpg,1
30,ohjiew.jpg,1
31,nuxcnh.jpg,1
32,geraws.jpg,0
33,gghdan.jpg,1
34,iyelkj.jpg,0
35,chwbjf.jpg,1
36,kyrfpa.jpg,0
37,cdtowg.jpg,0
38,exdhbv.jpg,1
39,bksojp.jpg,1
40,cuzvez.jpg,0
41,cyyqir.jpg,1
42,urehlb.jpg,1
43,oeoxom.jpg,1
44,yfowqf.jpg,1
45,dauwcn.jpg,0
46,fzifua.jpg,1
47,qcmquk.jpg,0
48,dqiiyh.jpg,1
49,fbdnyg.jpg,1
50,trpetc.jpg,1
51,hrjacd.jpg,0
52,ppsoje.jpg,1
53,zosdij.jpg,1
54,obbltk.jpg,0
55,vcywfm.jpg,0
56,pmfxhi.jpg,1
57,ozmahf.jpg,1
58,aivuua.jpg,1
59,skhftx.jpg,0
60,wiizef.jpg,0
61,hwfjtu.jpg,1
62,qupsjk.jpg,0
63,zrulze.jpg,1
64,ndmbbx.jpg,1
65,rdhlmn.jpg,1
66,qhzcmc.jpg,0
67,acdlrx.jpg,1
68,oiccmd.jpg,1
69,jjfmuh.jpg,0
70,nnymqp.jpg,1
71,cprean.jpg,1
72,pctlbh.jpg,0
73,ohjrzj.jpg,0
74,qergwe.jpg,1
75,hotcow.jpg,0
76,xrqcxi.jpg,0
77,gvsfus.jpg,1
78,yhzskl.jpg,0
79,smkhis.jpg,0
80,kpepse.jpg,1
81,bybklr.jpg,1
82,mcyuwo.jpg,0
83,stdmyw.jpg,1
84,oekail.jpg,1
85,opgpth.jpg,1
86,bobbgg.jpg,1
87,qckjjq.jpg,0
88,vsynbd.jpg,1
89,ltcbzh.jpg,0
90,vwgrik.jpg,1
91,zisckq.jpg,0
92,ooogog.jpg,1
93,iyryqs.jpg,1
94,hlmokf.jpg,1
95,obttry.jpg,0
96,xrwhoj.jpg,1
97,hfrzux.jpg,1
98,vinfnf.jpg,1
99,yelmbm.jpg,0
100,fljrgk.jpg,0
101,wywwxh.jpg,1
102,gtftqi.jpg,1
103,adeayj.jpg,0
104,xmnlgz.jpg,0
105,ogtrua.jpg,1
106,zynbaq.jpg,1
107,qpgwtm.jpg,0
108,zugayx.jpg,0
109,ktzrii.jpg,0
110,xieoqy.jpg,0
111,krgsnt.jpg,1
112,hrygoj.jpg,1
113,qplmvp.jpg,1
114,eroavh.jpg,1
115,faeldc.jpg,1
116,taqowx.jpg,1
117,brksyu.jpg,1
118,tnmxzl.jpg,1
119,ovxhnl.jpg,0
120,grvozi.jpg,1
121,scioey.jpg,0
122,uogzie.jpg,0
123,zgwtin.jpg,1
124,qnislz.jpg,0
125,csuzev.jpg,0
126,jobdpw.jpg,0
127,trmylh.jpg,1
128,zjggcb.jpg,1
129,xgpyzv.jpg,1
130,gdcrng.jpg,1
131,gzhqkp.jpg,0
132,laebnr.jpg,0
133,hbljjv.jpg,1
134,fbjxgm.jpg,0
135,mftxjg.jpg,1
136,opzrds.jpg,0
137,pwcizy.jpg,0
138,ikjdeb.jpg,1
139,dtjuof.jpg,0
140,bdtznt.jpg,0
141,lpignr.jpg,1
142,dcbswh.jpg,1
143,qutghz.jpg,0
144,ihwgtv.jpg,1
145,wnjyhy.jpg,0
146,nxnmej.jpg,0
147,nabtxe.jpg,1
148,atshpr.jpg,1
149,zcknfr.jpg,1
150,ybzzyz.jpg,1
151,xxpgfk.jpg,1
152,jesbml.jpg,1
153,suiiab.jpg,1
154,tcnswk.jpg,1
155,xetupt.jpg,0
156,dovvvc.jpg,1
157,axrglz.jpg,1
158,xyxrkm.jpg,0
159,xosnep.jpg,1
160,iuunwu.jpg,1
