image,class
btuhav.jpg,1
nrsdth.jpg,1
uvoqml.jpg,1
arzbes.jpg,1
hirtjx.jpg,1
yamavp.jpg,1
uspckz.jpg,0
cywdvg.jpg,1
uhiguw.jpg,1
wuubgd.jpg,0
vxqgra.jpg,1
vpiajg.jpg,1
elykap.jpg,1
tmpuxe.jpg,1
diapcz.jpg,1
bhlokr.jpg,1
yuizua.jpg,1
liylrq.jpg,1
wergcf.jpg,1
xlbefx.jpg,0
zsvevl.jpg,1
wlvrap.jpg,1
scwijs.jpg,1
ukdyhn.jpg,1
mvdamj.jpg,1
wkbofh.jpg,1
cjvnyl.jpg,1
frzkog.jpg,1
uiaorr.jpg,0
obyxyl.jpg,1
ijpnah.jpg,1
mrtfdm.jpg,1
jxddln.jpg,1
xlarwe.jpg,0
xuchqy.jpg,1
xnwrib.jpg,1
laexyi.jpg,1
liqson.jpg,1
nmrxcc.jpg,1
klroby.jpg,0
drmxmk.jpg,1
vhgtpv.jpg,1
ipwlfq.jpg,1
blvrol.jpg,1
rypmif.jpg,1
ixbopp.jpg,1
iteeyu.jpg,1
zwlwza.jpg,0
orxmrf.jpg,1
gjedan.jpg,1
ugxxow.jpg,1
owxuxh.jpg,1
yuzeau.jpg,1
pmqidw.jpg,1
zhhvlj.jpg,1
uybeal.jpg,1
brwgpq.jpg,0
qoktad.jpg,1
duyefb.jpg,1
urujax.jpg,1
ggihox.jpg,1
nsmgwu.jpg,1
hakubx.jpg,1
khibhd.jpg,1
qycbqw.jpg,1
bbyjvx.jpg,0
xinpfs.jpg,1
xbbbck.jpg,1
zrwlac.jpg,0
xcipmg.jpg,1
egkeko.jpg,1
ruowos.jpg,1
kbzudc.jpg,1
pnkbrk.jpg,1
abuvii.jpg,1
nhgslt.jpg,1
rqqzze.jpg,1
enripi.jpg,1
vmzjxc.jpg,1
pizrmk.jpg,1
hruliy.jpg,1
fhjetg.jpg,0
gdstla.jpg,0
xcjlkp.jpg,1
bxedqr.jpg,1
vsilon.jpg,1
hikwfu.jpg,1
kzwfrv.jpg,1
jjitsx.jpg,1
arcrkp.jpg,1
gkublq.jpg,1
ynryas.jpg,1
ibxhke.jpg,0
mpwfvq.jpg,1
ejprxq.jpg,1
caztto.jpg,1
miujzx.jpg,0
dgfwdz.jpg,1
acufvx.jpg,0
jdwgbx.jpg,1
qevgys.jpg,1
cdbpsc.jpg,1
hjvdxz.jpg,1
jfvdvz.jpg,1
aployt.jpg,1
qmrcmy.jpg,1
xsvmbq.jpg,1
mikcdb.jpg,0
ueerfh.jpg,0
xbxugw.jpg,1
uasjxu.jpg,1
ppsiax.jpg,1
kvqdcv.jpg,0
redrtg.jpg,0
gxhear.jpg,1
bhnsye.jpg,1
mqabei.jpg,1
qtfdnk.jpg,1
xcsvis.jpg,0
ukystu.jpg,1
qpoumg.jpg,1
ogoysp.jpg,1
kncvzo.jpg,1
sdfotu.jpg,0
ddbimh.jpg,1
sjtmxm.jpg,1
lerulb.jpg,1
drjakj.jpg,1
czzwbs.jpg,1
lvuzuf.jpg,1
yokjjb.jpg,1
wptefi.jpg,1
fnbqbl.jpg,1
zeetjg.jpg,1
afhmrx.jpg,1
rhqcsy.jpg,1
oynmly.jpg,1
xceqzw.jpg,1
tmmhyp.jpg,0
hnummp.jpg,0
rvoknz.jpg,1
xnnqeb.jpg,1
haxgor.jpg,1
qjxsgh.jpg,1
bjcdyg.jpg,1
kegrya.jpg,1
ovchsg.jpg,1
bolhcs.jpg,1
ndgqbs.jpg,1
uriqcz.jpg,1
dlnpfv.jpg,1
lzaqsi.jpg,1
hlvlrd.jpg,1
zdvfcx.jpg,1
fgqyml.jpg,1
etotni.jpg,1
ycpahe.jpg,1
iworgd.jpg,0
thtidx.jpg,1
vabyiq.jpg,1
qcxtoj.jpg,1
livanv.jpg,1
xuxjvu.jpg,1
vdmfbf.jpg,1
eydpgd.jpg,1
qnuhrc.jpg,1
vimriu.jpg,1
gddwri.jpg,1
befeiy.jpg,1
jspmtb.jpg,1
ftbrae.jpg,1
jwjsva.jpg,1
vexxpn.jpg,1
lloiah.jpg,0
wdudsz.jpg,1
ohswuj.jpg,1
wchoih.jpg,1
jtpyyl.jpg,1
bytsrg.jpg,1
lvcmgp.jpg,1
ehflqp.jpg,1
vnpqfx.jpg,1
liolnj.jpg,0
pchjyu.jpg,1
eudnmq.jpg,1
xxhqum.jpg,1
ycdodc.jpg,1
xzfyqb.jpg,1
wcbhym.jpg,1
yzyppi.jpg,1
ozlldl.jpg,1
pvvwxh.jpg,0
jakaxz.jpg,1
rhjnzn.jpg,1
zdqyff.jpg,1
cfzhbs.jpg,1
hwxgch.jpg,1
nihvtx.jpg,1
oeqonq.jpg,1
iiffun.jpg,0
uzkucb.jpg,0
svulhh.jpg,0
vlsjre.jpg,1
wzxahz.jpg,1
abrgsa.jpg,1
riierm.jpg,1
lhrzlf.jpg,1
bpinyo.jpg,1
smtnck.jpg,1
kemdnt.jpg,1
nygvhb.jpg,1
cgjuhk.jpg,1
cxvrhk.jpg,1
xxakrv.jpg,0
xfgdjz.jpg,1
hnbyck.jpg,1
omukta.jpg,1
tbvoej.jpg,1
yorllp.jpg,0
zzxozj.jpg,1
beuxox.jpg,1
erxgnj.jpg,1
dzteis.jpg,1
mtwsfu.jpg,0
rebkpn.jpg,1
vsbfyz.jpg,1
vfotiv.jpg,1
pvprsn.jpg,1
xfhzku.jpg,1
dwhsom.jpg,1
wtdogy.jpg,1
spahzd.jpg,1
foklyn.jpg,1
pmilyc.jpg,1
xiqmfb.jpg,1
fptnvj.jpg,1
vsbznj.jpg,0
awdslz.jpg,1
qemedq.jpg,1
ncrtho.jpg,1
cyrrll.jpg,0
zysizv.jpg,1
zitewa.jpg,1
uqsihd.jpg,0
lvmoyj.jpg,1
fwqawb.jpg,1
yzkhju.jpg,1
rqabsi.jpg,0
eetprp.jpg,1
abuksz.jpg,1
uyufot.jpg,1
xvpicj.jpg,1
qrlaem.jpg,0
qugnsb.jpg,1
ornifk.jpg,0
rxnarz.jpg,1
tsydyl.jpg,1
pjcocl.jpg,1
rurszw.jpg,1
pszjvn.jpg,1
odisey.jpg,1
enlniq.jpg,1
sllwqr.jpg,0
ebphry.jpg,1
zeshrk.jpg,0
yfxtkr.jpg,1
fgxxgi.jpg,0
ryzdri.jpg,1
qlrrgw.jpg,1
ajjhdj.jpg,1
efykeb.jpg,1
aqwegl.jpg,1
svkqlz.jpg,1
xexuva.jpg,1
rdscfb.jpg,1
zcdkym.jpg,1
gqeups.jpg,1
eyxxrz.jpg,1
qbrzzu.jpg,1
syrtoa.jpg,1
tahugg.jpg,1
tvccpc.jpg,0
dlzwlc.jpg,1
oljaog.jpg,1
uxziet.jpg,1
jyucae.jpg,1
wrtemf.jpg,1
mlvmae.jpg,0
fdfokq.jpg,1
wxdius.jpg,1
qvagju.jpg,1
utqynd.jpg,0
ioobee.jpg,1
ejsmsu.jpg,1
pmpdce.jpg,1
kcwrli.jpg,1
icfcvs.jpg,1
wtogrn.jpg,0
rhhkfd.jpg,1
bdchfi.jpg,1
wmwear.jpg,1
hwqjji.jpg,1
ghalze.jpg,1
ymrkdm.jpg,1
jejiea.jpg,1
weowwi.jpg,1
alzxmv.jpg,1
rlchtv.jpg,1
rrwgli.jpg,1
vgnycy.jpg,1
lpqzuv.jpg,1
kwctdz.jpg,1
swirio.jpg,1
gqrqmt.jpg,0
gdpkxt.jpg,1
jelxqo.jpg,1
nyoilt.jpg,0
ntjwza.jpg,1
xlugfr.jpg,1
jqnouy.jpg,1
hsedrv.jpg,1
muhafs.jpg,1
klyrkz.jpg,1
bfmrap.jpg,1
haglfu.jpg,1
vqgupi.jpg,1
ooleln.jpg,1
xxsxiz.jpg,1
riqamz.jpg,1
wngdlw.jpg,1
qndtfn.jpg,1
ztlwty.jpg,1
orsdkw.jpg,0
ycfect.jpg,1
rzlbiv.jpg,1
pxgfet.jpg,1
xtcpam.jpg,1
upximt.jpg,1
